,Entity,Code,Year,index
4,Afghanistan,AFG,2010,3.782937527
5,Afghanistan,AFG,2011,3.572100401
6,Afghanistan,AFG,2012,3.130895615
7,Afghanistan,AFG,2013,3.982854605
8,Afghanistan,AFG,2014,4.220168591
9,Afghanistan,AFG,2015,2.66171813
10,Afghanistan,AFG,2016,2.694303274
11,Afghanistan,AFG,2017,2.375091791
12,Afghanistan,AFG,2019,2.522900105
13,Afghanistan,AFG,2020,2.403800011
18,Albania,ALB,2010,5.510124207
19,Albania,ALB,2011,4.550647736
20,Albania,ALB,2012,4.813763142
21,Albania,ALB,2013,4.606650829
22,Albania,ALB,2014,4.511100769
23,Albania,ALB,2015,4.639548302
24,Albania,ALB,2016,5.004402637
25,Albania,ALB,2017,4.995317936
26,Albania,ALB,2018,5.364909649
27,Albania,ALB,2019,5.117400169
28,Albania,ALB,2020,5.198800087
31,Algeria,DZA,2010,5.604595661
32,Algeria,DZA,2012,6.354898453
33,Algeria,DZA,2014,5.340853691
34,Algeria,DZA,2015,5.248912334
35,Algeria,DZA,2016,5.043086052
36,Algeria,DZA,2017,4.744627476
37,Algeria,DZA,2019,4.88710022
38,Algeria,DZA,2020,5.122300148
40,Angola,AGO,2010,4.360249996
41,Angola,AGO,2011,3.937106848
42,Angola,AGO,2012,3.794837952
49,Argentina,ARG,2010,6.468387127
50,Argentina,ARG,2011,6.582260132
51,Argentina,ARG,2012,6.671114445
52,Argentina,ARG,2013,6.69713068
53,Argentina,ARG,2014,6.427221298
54,Argentina,ARG,2015,6.039330006
55,Argentina,ARG,2016,5.792796612
56,Argentina,ARG,2017,6.085560799
57,Argentina,ARG,2018,5.900567055
58,Argentina,ARG,2019,5.929299831
59,Argentina,ARG,2020,5.967000008
66,Armenia,ARM,2010,4.319711685
67,Armenia,ARM,2011,4.277191162
68,Armenia,ARM,2012,4.453083038
69,Armenia,ARM,2013,4.34831953
70,Armenia,ARM,2014,4.325471878
71,Armenia,ARM,2015,4.287736416
72,Armenia,ARM,2016,5.062448502
73,Armenia,ARM,2017,5.4880867
74,Armenia,ARM,2019,5.282599926
75,Armenia,ARM,2020,5.398600101
81,Australia,AUS,2010,7.195585728
82,Australia,AUS,2011,7.364169121
83,Australia,AUS,2012,7.288550377
84,Australia,AUS,2013,7.309060574
85,Australia,AUS,2014,7.250080109
86,Australia,AUS,2015,7.25703764
87,Australia,AUS,2016,7.17699337
88,Australia,AUS,2017,7.233994961
89,Australia,AUS,2018,7.137367725
90,Australia,AUS,2019,7.183499813
91,Australia,AUS,2020,7.162099838
96,Austria,AUT,2010,7.400688648
97,Austria,AUT,2011,7.498802662
98,Austria,AUT,2012,6.949999809
99,Austria,AUT,2013,7.07644701
100,Austria,AUT,2014,7.048071861
101,Austria,AUT,2015,7.293727875
102,Austria,AUT,2016,7.396001816
103,Austria,AUT,2017,7.195361137
104,Austria,AUT,2018,7.213489056
105,Austria,AUT,2019,7.267799854
106,Austria,AUT,2020,7.163000107
113,Azerbaijan,AZE,2010,4.910771847
114,Azerbaijan,AZE,2011,5.481178284
115,Azerbaijan,AZE,2012,5.25153017
116,Azerbaijan,AZE,2013,5.146774769
117,Azerbaijan,AZE,2014,5.303894997
118,Azerbaijan,AZE,2015,5.152279377
119,Azerbaijan,AZE,2016,5.167995453
120,Azerbaijan,AZE,2017,5.173389435
121,Azerbaijan,AZE,2019,5.170800209
122,Azerbaijan,AZE,2020,5.173399925
126,Bahrain,BHR,2010,5.027186871
127,Bahrain,BHR,2011,6.689711094
128,Bahrain,BHR,2012,6.165133953
129,Bahrain,BHR,2013,6.00737524
130,Bahrain,BHR,2014,6.169673443
131,Bahrain,BHR,2015,6.227320671
132,Bahrain,BHR,2017,7.098012447
133,Bahrain,BHR,2018,6.173175812
134,Bahrain,BHR,2019,6.646900177
135,Bahrain,BHR,2020,6.646900177
142,Bangladesh,BGD,2010,4.724443913
143,Bangladesh,BGD,2011,4.660161018
144,Bangladesh,BGD,2012,4.635564804
145,Bangladesh,BGD,2013,4.633473873
146,Bangladesh,BGD,2014,4.5561409
147,Bangladesh,BGD,2015,4.309771061
148,Bangladesh,BGD,2016,4.499217033
149,Bangladesh,BGD,2017,5.114216805
150,Bangladesh,BGD,2018,5.279986858
151,Bangladesh,BGD,2019,5.024600029
152,Bangladesh,BGD,2020,5.155499935
159,Belarus,BLR,2010,5.749043465
160,Belarus,BLR,2011,5.876466274
161,Belarus,BLR,2012,5.812400818
162,Belarus,BLR,2013,5.718907833
163,Belarus,BLR,2014,5.177899361
164,Belarus,BLR,2015,5.552915096
165,Belarus,BLR,2016,5.233769894
166,Belarus,BLR,2017,5.821453094
167,Belarus,BLR,2019,5.533500195
168,Belarus,BLR,2020,5.821499825
174,Belgium,BEL,2010,6.935122013
175,Belgium,BEL,2011,7.10366106
176,Belgium,BEL,2012,6.855329037
177,Belgium,BEL,2013,6.904219151
178,Belgium,BEL,2014,6.948936462
179,Belgium,BEL,2015,6.928347588
180,Belgium,BEL,2016,6.89217186
181,Belgium,BEL,2017,6.772138119
182,Belgium,BEL,2018,6.838760853
183,Belgium,BEL,2019,6.834000111
184,Belgium,BEL,2020,6.804999828
186,Belize,BLZ,2012,5.955646515
190,Benin,BEN,2010,3.193468809
191,Benin,BEN,2011,3.479412794
192,Benin,BEN,2012,3.347419262
193,Benin,BEN,2013,3.624664307
194,Benin,BEN,2014,4.007357597
195,Benin,BEN,2015,4.853180885
196,Benin,BEN,2016,5.81982708
197,Benin,BEN,2017,4.976360798
198,Benin,BEN,2018,4.407745838
199,Benin,BEN,2019,5.045199871
200,Benin,BEN,2020,4.62319994
201,Bhutan,BTN,2011,5.569091797
202,Bhutan,BTN,2012,4.938578129
203,Bhutan,BTN,2013,5.082128525
210,Bolivia,BOL,2010,6.018894672
211,Bolivia,BOL,2011,5.767428875
212,Bolivia,BOL,2012,5.864798546
213,Bolivia,BOL,2013,5.834329128
214,Bolivia,BOL,2014,5.769723415
215,Bolivia,BOL,2015,5.65055275
216,Bolivia,BOL,2016,5.915734291
217,Bolivia,BOL,2017,5.67427063
218,Bolivia,BOL,2018,5.559258938
219,Bolivia,BOL,2019,5.715899944
220,Bolivia,BOL,2020,5.600299835
225,Bosnia and Herzegovina,BIH,2010,4.773144722
226,Bosnia and Herzegovina,BIH,2011,5.123664379
227,Bosnia and Herzegovina,BIH,2012,5.248954296
228,Bosnia and Herzegovina,BIH,2013,5.117177963
229,Bosnia and Herzegovina,BIH,2014,5.180865288
230,Bosnia and Herzegovina,BIH,2015,5.089902401
231,Bosnia and Herzegovina,BIH,2016,5.887401104
232,Bosnia and Herzegovina,BIH,2017,6.01552248
233,Bosnia and Herzegovina,BIH,2018,5.515816212
234,Bosnia and Herzegovina,BIH,2019,5.813099861
235,Bosnia and Herzegovina,BIH,2020,5.768000126
240,Botswana,BWA,2010,4.835938931
241,Botswana,BWA,2011,4.128298759
242,Botswana,BWA,2012,4.031197071
243,Botswana,BWA,2013,3.761964798
244,Botswana,BWA,2014,3.498936653
245,Botswana,BWA,2015,3.504881144
246,Botswana,BWA,2016,3.4613657
247,Botswana,BWA,2017,3.471084833
248,Botswana,BWA,2019,3.466500044
249,Botswana,BWA,2020,3.471100092
256,Brazil,BRA,2010,6.660003662
257,Brazil,BRA,2011,7.140282631
258,Brazil,BRA,2012,6.980998993
259,Brazil,BRA,2013,6.546896935
260,Brazil,BRA,2014,6.374817371
261,Brazil,BRA,2015,6.332929134
262,Brazil,BRA,2016,6.190921783
263,Brazil,BRA,2017,6.451148987
264,Brazil,BRA,2018,6.109717846
265,Brazil,BRA,2019,6.33010006
266,Brazil,BRA,2020,6.29279995
270,Bulgaria,BGR,2010,4.222297192
271,Bulgaria,BGR,2011,3.993020535
272,Bulgaria,BGR,2012,4.438439846
273,Bulgaria,BGR,2013,4.865401268
274,Bulgaria,BGR,2014,4.837560654
275,Bulgaria,BGR,2015,5.096901894
276,Bulgaria,BGR,2016,5.098813534
277,Bulgaria,BGR,2017,5.108438015
278,Bulgaria,BGR,2018,5.597723007
279,Bulgaria,BGR,2019,5.265500069
280,Bulgaria,BGR,2020,5.370900154
286,Burkina Faso,BFA,2010,3.95500803
287,Burkina Faso,BFA,2011,3.325949669
288,Burkina Faso,BFA,2012,3.481347799
289,Burkina Faso,BFA,2013,4.418930054
290,Burkina Faso,BFA,2014,4.205634594
291,Burkina Faso,BFA,2015,4.646891117
292,Burkina Faso,BFA,2016,4.92723608
293,Burkina Faso,BFA,2017,4.740892887
294,Burkina Faso,BFA,2019,4.833799839
295,Burkina Faso,BFA,2020,4.670499802
299,Burundi,BDI,2012,2.904535055
300,Burundi,BDI,2016,3.775283098
301,Burundi,BDI,2019,3.775300026
308,Cambodia,KHM,2010,3.898706913
309,Cambodia,KHM,2011,3.674466848
310,Cambodia,KHM,2012,3.88330555
311,Cambodia,KHM,2013,4.162164688
312,Cambodia,KHM,2014,4.461259365
313,Cambodia,KHM,2015,4.585842133
314,Cambodia,KHM,2016,5.121837616
315,Cambodia,KHM,2017,4.998284817
316,Cambodia,KHM,2018,4.376985073
317,Cambodia,KHM,2019,4.83039999
318,Cambodia,KHM,2020,4.640299797
325,Cameroon,CMR,2010,4.244634151
326,Cameroon,CMR,2011,4.271038055
327,Cameroon,CMR,2012,4.240441322
328,Cameroon,CMR,2013,5.037964821
329,Cameroon,CMR,2014,4.816232204
330,Cameroon,CMR,2015,5.07405138
331,Cameroon,CMR,2016,5.250737667
332,Cameroon,CMR,2017,4.936737537
333,Cameroon,CMR,2018,5.2410779
334,Cameroon,CMR,2019,5.141799927
335,Cameroon,CMR,2020,5.047599792
342,Canada,CAN,2010,7.415144444
343,Canada,CAN,2011,7.593793869
344,Canada,CAN,2012,7.30425787
345,Canada,CAN,2013,7.412772655
346,Canada,CAN,2014,7.244845867
347,Canada,CAN,2015,7.414868355
348,Canada,CAN,2016,7.175496578
349,Canada,CAN,2017,7.1090765
350,Canada,CAN,2018,7.024904728
351,Canada,CAN,2019,7.103300095
352,Canada,CAN,2020,7.025100231
356,Central African Republic,CAF,2014,2.693061113
357,Central African Republic,CAF,2015,3.475862026
364,Chad,TCD,2010,4.03297472
365,Chad,TCD,2011,3.507663012
366,Chad,TCD,2012,3.460182905
367,Chad,TCD,2013,4.322675228
368,Chad,TCD,2014,4.029350281
369,Chad,TCD,2015,4.558937073
370,Chad,TCD,2016,4.486325264
371,Chad,TCD,2017,4.250799179
372,Chad,TCD,2019,4.355400085
373,Chad,TCD,2020,4.250800133
380,Chile,CHL,2010,6.599128723
381,Chile,CHL,2011,6.74015379
382,Chile,CHL,2012,6.844238281
383,Chile,CHL,2013,6.532749653
384,Chile,CHL,2014,6.579056263
385,Chile,CHL,2015,6.320119381
386,Chile,CHL,2016,6.436220646
387,Chile,CHL,2017,5.942250252
388,Chile,CHL,2018,6.150642872
389,Chile,CHL,2019,6.171899796
390,Chile,CHL,2020,6.171800137
397,China,CHN,2010,5.094917297
398,China,CHN,2011,5.241090298
399,China,CHN,2012,5.195619106
400,China,CHN,2013,5.303877831
401,China,CHN,2014,5.32495594
402,China,CHN,2015,5.099061489
403,China,CHN,2016,5.131433964
404,China,CHN,2017,5.144120216
405,China,CHN,2018,5.771064758
406,China,CHN,2019,5.339099884
407,China,CHN,2020,5.585299969
414,Colombia,COL,2010,6.374879837
415,Colombia,COL,2011,6.606550694
416,Colombia,COL,2012,6.44878912
417,Colombia,COL,2013,6.387571812
418,Colombia,COL,2014,6.233715057
419,Colombia,COL,2015,6.157341957
420,Colombia,COL,2016,5.983512402
421,Colombia,COL,2017,6.350297928
422,Colombia,COL,2018,5.70917511
423,Colombia,COL,2019,6.01240015
424,Colombia,COL,2020,5.780600071
428,Comoros,COM,2010,3.955640316
429,Comoros,COM,2016,3.972819567
430,Comoros,COM,2017,4.608616352
431,Comoros,COM,2019,4.288599968
432,Comoros,COM,2020,4.60860014
435,Congo,COG,2010,3.919341803
436,Congo,COG,2011,3.954950571
437,Congo,COG,2012,4.05601263
438,Congo,COG,2013,4.690830231
439,Congo,COG,2014,4.119493484
440,Congo,COG,2015,4.883991241
441,Congo,COG,2016,5.490214348
442,Congo,COG,2017,5.212622643
443,Congo,COG,2019,5.341700077
444,Congo,COG,2020,5.075200081
451,Costa Rica,CRI,2010,7.272250175
452,Costa Rica,CRI,2011,7.158000469
453,Costa Rica,CRI,2012,7.247086048
454,Costa Rica,CRI,2013,6.854004383
455,Costa Rica,CRI,2014,7.135617733
456,Costa Rica,CRI,2015,7.22518158
457,Costa Rica,CRI,2016,7.141074657
458,Costa Rica,CRI,2017,6.997618675
459,Costa Rica,CRI,2019,7.069399834
460,Costa Rica,CRI,2020,6.581999779
462,Cote d'Ivoire,CIV,2011,3.739365578
463,Cote d'Ivoire,CIV,2012,3.570368528
464,Cote d'Ivoire,CIV,2013,4.445038795
465,Cote d'Ivoire,CIV,2014,4.542545795
466,Cote d'Ivoire,CIV,2015,5.037734985
467,Cote d'Ivoire,CIV,2016,5.26837492
468,Cote d'Ivoire,CIV,2017,5.392012119
469,Cote d'Ivoire,CIV,2018,5.256503582
470,Cote d'Ivoire,CIV,2019,5.306000233
471,Cote d'Ivoire,CIV,2020,5.234600067
476,Croatia,HRV,2010,6.027634621
477,Croatia,HRV,2011,5.885462761
478,Croatia,HRV,2012,5.380692482
479,Croatia,HRV,2013,5.205438137
480,Croatia,HRV,2014,5.416875362
481,Croatia,HRV,2015,5.343165874
482,Croatia,HRV,2016,5.536271095
483,Croatia,HRV,2017,5.625743866
484,Croatia,HRV,2018,6.507992268
485,Croatia,HRV,2019,5.881700039
486,Croatia,HRV,2020,6.125199795
492,Cyprus,CYP,2010,6.180507183
493,Cyprus,CYP,2011,5.438952446
494,Cyprus,CYP,2012,5.627123833
495,Cyprus,CYP,2013,5.439161301
496,Cyprus,CYP,2014,5.794618607
497,Cyprus,CYP,2015,6.062051296
498,Cyprus,CYP,2016,6.276443005
499,Cyprus,CYP,2017,6.136832714
500,Cyprus,CYP,2018,6.259810448
501,Cyprus,CYP,2019,6.223499775
502,Cyprus,CYP,2020,6.220900059
507,Czechia,CZE,2010,6.334149361
508,Czechia,CZE,2011,6.697655678
509,Czechia,CZE,2012,6.483729839
510,Czechia,CZE,2013,6.608017445
511,Czechia,CZE,2014,6.735627174
512,Czechia,CZE,2015,6.789567947
513,Czechia,CZE,2016,7.034165382
514,Czechia,CZE,2018,6.897091389
515,Czechia,CZE,2019,6.964700222
516,Czechia,CZE,2020,6.919799805
519,Democratic Republic of Congo,COD,2010,4.63922739
520,Democratic Republic of Congo,COD,2011,4.497477055
521,Democratic Republic of Congo,COD,2012,4.414299965
522,Democratic Republic of Congo,COD,2013,3.902741671
523,Democratic Republic of Congo,COD,2014,4.521935463
524,Democratic Republic of Congo,COD,2015,4.311033249
531,Denmark,DNK,2010,7.519909382
532,Denmark,DNK,2011,7.588606834
533,Denmark,DNK,2012,7.507559299
534,Denmark,DNK,2013,7.514424801
535,Denmark,DNK,2014,7.55778265
536,Denmark,DNK,2015,7.593702316
537,Denmark,DNK,2016,7.648785591
538,Denmark,DNK,2017,7.693003178
539,Denmark,DNK,2018,7.514631271
540,Denmark,DNK,2019,7.61950016
541,Denmark,DNK,2020,7.636199951
552,Dominican Republic,DOM,2010,4.753311157
553,Dominican Republic,DOM,2011,5.015515327
554,Dominican Republic,DOM,2012,5.387331963
555,Dominican Republic,DOM,2013,5.061862469
556,Dominican Republic,DOM,2014,5.238698483
557,Dominican Republic,DOM,2015,5.605202675
558,Dominican Republic,DOM,2016,5.433215618
559,Dominican Republic,DOM,2017,6.004237175
560,Dominican Republic,DOM,2018,5.168409824
561,Dominican Republic,DOM,2019,5.545100212
562,Dominican Republic,DOM,2020,5.737199783
569,Ecuador,ECU,2010,5.960716248
570,Ecuador,ECU,2011,6.019206047
571,Ecuador,ECU,2012,5.945851803
572,Ecuador,ECU,2013,5.964075089
573,Ecuador,ECU,2014,6.115437508
574,Ecuador,ECU,2015,5.839518547
575,Ecuador,ECU,2016,6.128010273
576,Ecuador,ECU,2017,5.809131145
577,Ecuador,ECU,2018,5.35446167
578,Ecuador,ECU,2019,5.763999939
579,Ecuador,ECU,2020,5.533299923
586,Egypt,EGY,2010,4.204156876
587,Egypt,EGY,2011,3.558520317
588,Egypt,EGY,2012,4.885072708
589,Egypt,EGY,2013,4.762538433
590,Egypt,EGY,2014,4.556740761
591,Egypt,EGY,2015,3.929344177
592,Egypt,EGY,2016,4.005450726
593,Egypt,EGY,2017,4.327831745
594,Egypt,EGY,2018,4.472396851
595,Egypt,EGY,2019,4.282700062
596,Egypt,EGY,2020,4.287700176
603,El Salvador,SLV,2010,5.934371471
604,El Salvador,SLV,2011,6.325063229
605,El Salvador,SLV,2012,5.856523514
606,El Salvador,SLV,2013,6.018496037
607,El Salvador,SLV,2014,6.139824867
608,El Salvador,SLV,2015,6.339318275
609,El Salvador,SLV,2016,6.241199493
610,El Salvador,SLV,2017,6.454820633
611,El Salvador,SLV,2018,5.461926937
612,El Salvador,SLV,2019,6.060500145
613,El Salvador,SLV,2020,6.119999886
619,Estonia,EST,2010,5.363927841
620,Estonia,EST,2011,5.367445946
621,Estonia,EST,2012,5.55598259
622,Estonia,EST,2013,5.628908634
623,Estonia,EST,2014,5.649675369
624,Estonia,EST,2015,5.938395977
625,Estonia,EST,2016,6.091302395
626,Estonia,EST,2017,6.034641266
627,Estonia,EST,2018,6.452563763
628,Estonia,EST,2019,6.188799858
629,Estonia,EST,2020,6.340799809
631,Eswatini,SWZ,2016,4.211565018
632,Eswatini,SWZ,2017,4.396114826
633,Eswatini,SWZ,2019,4.308100224
634,Eswatini,SWZ,2020,4.396100044
635,Ethiopia,ETH,2010,4.561168671
636,Ethiopia,ETH,2011,4.44482708
637,Ethiopia,ETH,2012,4.506646633
638,Ethiopia,ETH,2013,4.573154926
639,Ethiopia,ETH,2014,4.297848701
640,Ethiopia,ETH,2015,4.180315495
641,Ethiopia,ETH,2016,4.379262447
642,Ethiopia,ETH,2017,4.099555016
643,Ethiopia,ETH,2018,4.549219608
644,Ethiopia,ETH,2019,4.274700165
645,Ethiopia,ETH,2020,4.241499901
650,Finland,FIN,2010,7.420209408
651,Finland,FIN,2011,7.444635868
652,Finland,FIN,2012,7.384571075
653,Finland,FIN,2013,7.447925568
654,Finland,FIN,2014,7.659843445
655,Finland,FIN,2015,7.788251877
656,Finland,FIN,2016,7.85810709
657,Finland,FIN,2017,7.780347824
658,Finland,FIN,2018,7.889349937
659,Finland,FIN,2019,7.842100143
660,Finland,FIN,2020,7.821000099
667,France,FRA,2010,6.649365425
668,France,FRA,2011,6.66712141
669,France,FRA,2012,6.466867924
670,France,FRA,2013,6.357625008
671,France,FRA,2014,6.475208759
672,France,FRA,2015,6.635222435
673,France,FRA,2016,6.665903568
674,France,FRA,2017,6.689644337
675,France,FRA,2018,6.714111805
676,France,FRA,2019,6.689899921
677,France,FRA,2020,6.686699867
679,Gabon,GAB,2010,3.97205925
680,Gabon,GAB,2011,3.800287008
681,Gabon,GAB,2012,3.918073177
682,Gabon,GAB,2013,4.66101265
683,Gabon,GAB,2014,4.831764221
684,Gabon,GAB,2015,4.782382965
685,Gabon,GAB,2016,4.783009052
686,Gabon,GAB,2017,4.914393425
687,Gabon,GAB,2019,4.851799965
688,Gabon,GAB,2020,4.958300114
689,Gambia,GMB,2015,4.117938995
690,Gambia,GMB,2016,4.922099113
691,Gambia,GMB,2017,5.163627148
692,Gambia,GMB,2019,5.051000118
693,Gambia,GMB,2020,5.163599968
700,Georgia,GEO,2010,4.254445553
701,Georgia,GEO,2011,4.348920822
702,Georgia,GEO,2012,4.287508011
703,Georgia,GEO,2013,4.121940613
704,Georgia,GEO,2014,4.448386192
705,Georgia,GEO,2015,4.45077467
706,Georgia,GEO,2016,4.659097195
707,Georgia,GEO,2017,4.89183569
708,Georgia,GEO,2018,5.123143196
709,Georgia,GEO,2019,4.89139986
710,Georgia,GEO,2020,4.973199844
717,Germany,DEU,2010,6.702362061
718,Germany,DEU,2011,6.965125084
719,Germany,DEU,2012,6.984214306
720,Germany,DEU,2013,7.037137508
721,Germany,DEU,2014,6.873763084
722,Germany,DEU,2015,7.074324608
723,Germany,DEU,2016,7.118364334
724,Germany,DEU,2017,7.035472393
725,Germany,DEU,2018,7.311897755
726,Germany,DEU,2019,7.154500008
727,Germany,DEU,2020,7.034100056
734,Ghana,GHA,2010,5.057261944
735,Ghana,GHA,2011,4.965053082
736,Ghana,GHA,2012,3.860351086
737,Ghana,GHA,2013,3.985916138
738,Ghana,GHA,2014,4.514411449
739,Ghana,GHA,2015,5.481310844
740,Ghana,GHA,2016,5.003693104
741,Ghana,GHA,2017,4.96680975
742,Ghana,GHA,2018,5.31948328
743,Ghana,GHA,2019,5.088399887
744,Ghana,GHA,2020,4.872000217
750,Greece,GRC,2010,5.096354008
751,Greece,GRC,2011,4.720251083
752,Greece,GRC,2012,4.75623703
753,Greece,GRC,2013,5.622519016
754,Greece,GRC,2014,5.302619457
755,Greece,GRC,2015,5.14824152
756,Greece,GRC,2016,5.40928936
757,Greece,GRC,2017,5.952157497
758,Greece,GRC,2018,5.787615776
759,Greece,GRC,2019,5.722599983
760,Greece,GRC,2020,5.948200226
767,Guatemala,GTM,2010,5.855717182
768,Guatemala,GTM,2011,5.984601498
769,Guatemala,GTM,2012,6.536030769
770,Guatemala,GTM,2013,6.464986801
771,Guatemala,GTM,2014,6.358916283
772,Guatemala,GTM,2015,6.325118542
773,Guatemala,GTM,2016,6.626591682
774,Guatemala,GTM,2017,6.262175083
775,Guatemala,GTM,2019,6.434500217
776,Guatemala,GTM,2020,6.262199879
778,Guinea,GIN,2010,3.651554823
779,Guinea,GIN,2011,3.901793003
780,Guinea,GIN,2012,3.4124825
781,Guinea,GIN,2013,3.504693508
782,Guinea,GIN,2014,3.602854729
783,Guinea,GIN,2015,4.873722553
784,Guinea,GIN,2016,5.25222683
785,Guinea,GIN,2017,4.76768446
786,Guinea,GIN,2019,4.984300137
787,Guinea,GIN,2020,4.890500069
793,Haiti,HTI,2010,4.413475037
794,Haiti,HTI,2011,4.62196207
795,Haiti,HTI,2012,3.888778448
796,Haiti,HTI,2013,3.569762468
797,Haiti,HTI,2014,3.352300167
798,Haiti,HTI,2015,3.823865652
799,Haiti,HTI,2016,3.614928007
800,Haiti,HTI,2019,3.614900112
807,Honduras,HND,2010,4.602218151
808,Honduras,HND,2011,4.713358402
809,Honduras,HND,2012,5.055726051
810,Honduras,HND,2013,4.845436573
811,Honduras,HND,2014,5.648154736
812,Honduras,HND,2015,6.019985676
813,Honduras,HND,2016,5.908423901
814,Honduras,HND,2017,5.930051327
815,Honduras,HND,2019,5.919199944
816,Honduras,HND,2020,6.022099972
822,Hong Kong,HKG,2010,5.483764648
823,Hong Kong,HKG,2012,5.458050728
824,Hong Kong,HKG,2014,5.498420715
825,Hong Kong,HKG,2015,5.362474918
826,Hong Kong,HKG,2017,5.659317017
827,Hong Kong,HKG,2018,5.295341492
828,Hong Kong,HKG,2019,5.476699829
829,Hong Kong,HKG,2020,5.424799919
835,Hungary,HUN,2010,4.683358192
836,Hungary,HUN,2011,4.914466858
837,Hungary,HUN,2012,5.18056345
838,Hungary,HUN,2013,5.34438324
839,Hungary,HUN,2014,5.448901653
840,Hungary,HUN,2015,6.065038681
841,Hungary,HUN,2016,5.935770988
842,Hungary,HUN,2017,6.000259876
843,Hungary,HUN,2018,6.038049698
844,Hungary,HUN,2019,5.991600037
845,Hungary,HUN,2020,6.08589983
847,Iceland,ISL,2010,7.590660095
848,Iceland,ISL,2011,7.501394272
849,Iceland,ISL,2013,7.498070717
850,Iceland,ISL,2014,7.510034561
851,Iceland,ISL,2015,7.476213932
852,Iceland,ISL,2017,7.532504559
853,Iceland,ISL,2018,7.575489521
854,Iceland,ISL,2019,7.553899765
855,Iceland,ISL,2020,7.557499886
862,India,IND,2010,4.720146656
863,India,IND,2011,4.427788734
864,India,IND,2012,4.424379349
865,India,IND,2013,4.342079163
866,India,IND,2014,4.179177284
867,India,IND,2015,4.046111107
868,India,IND,2016,3.818068743
869,India,IND,2017,3.24876976
870,India,IND,2018,4.225281239
871,India,IND,2019,3.818900108
872,India,IND,2020,3.777100086
879,Indonesia,IDN,2010,5.36777401
880,Indonesia,IDN,2011,5.292237759
881,Indonesia,IDN,2012,5.597375393
882,Indonesia,IDN,2013,5.04279995
883,Indonesia,IDN,2014,5.136325359
884,Indonesia,IDN,2015,5.098401546
885,Indonesia,IDN,2016,5.340295792
886,Indonesia,IDN,2017,5.346512794
887,Indonesia,IDN,2019,5.344500065
888,Indonesia,IDN,2020,5.239600182
893,Iran,IRN,2010,4.608927727
894,Iran,IRN,2011,5.139579296
895,Iran,IRN,2012,4.682224274
896,Iran,IRN,2013,4.749955654
897,Iran,IRN,2014,4.652730942
898,Iran,IRN,2015,4.716783047
899,Iran,IRN,2016,4.278117657
900,Iran,IRN,2017,5.006145954
901,Iran,IRN,2018,4.864528179
902,Iran,IRN,2019,4.721199989
903,Iran,IRN,2020,4.887899876
908,Iraq,IRQ,2010,4.659508705
909,Iraq,IRQ,2011,4.725017071
910,Iraq,IRQ,2012,4.541502476
911,Iraq,IRQ,2013,4.493377209
912,Iraq,IRQ,2014,4.412537098
913,Iraq,IRQ,2015,4.462399006
914,Iraq,IRQ,2016,4.8864007
915,Iraq,IRQ,2018,4.78516531
916,Iraq,IRQ,2019,4.854100227
917,Iraq,IRQ,2020,4.940899849
923,Ireland,IRL,2010,6.964645386
924,Ireland,IRL,2011,6.760085106
925,Ireland,IRL,2012,7.018379211
926,Ireland,IRL,2013,6.830125332
927,Ireland,IRL,2014,7.04073143
928,Ireland,IRL,2015,7.060155392
929,Ireland,IRL,2016,6.962335587
930,Ireland,IRL,2017,7.254841328
931,Ireland,IRL,2018,7.034930706
932,Ireland,IRL,2019,7.085299969
933,Ireland,IRL,2020,7.040800095
940,Israel,ISR,2010,7.110854626
941,Israel,ISR,2011,7.320563316
942,Israel,ISR,2012,7.400570393
943,Israel,ISR,2013,7.07941103
944,Israel,ISR,2014,7.159010887
945,Israel,ISR,2015,7.331036091
946,Israel,ISR,2016,6.92717886
947,Israel,ISR,2017,7.331779957
948,Israel,ISR,2018,7.194928169
949,Israel,ISR,2019,7.157100201
950,Israel,ISR,2020,7.363800049
957,Italy,ITA,2010,5.839313984
958,Italy,ITA,2011,6.009373665
959,Italy,ITA,2012,6.026585102
960,Italy,ITA,2013,5.847683907
961,Italy,ITA,2014,5.95452404
962,Italy,ITA,2015,6.198870182
963,Italy,ITA,2016,6.516526699
964,Italy,ITA,2017,6.445416927
965,Italy,ITA,2018,6.488356113
966,Italy,ITA,2019,6.483099937
967,Italy,ITA,2020,6.466700077
970,Jamaica,JAM,2011,5.708886623
971,Jamaica,JAM,2012,5.310538769
972,Jamaica,JAM,2015,5.889759064
973,Jamaica,JAM,2017,6.309238911
974,Jamaica,JAM,2019,6.30919981
975,Jamaica,JAM,2020,5.849599838
982,Japan,JPN,2010,5.968216419
983,Japan,JPN,2011,5.959361553
984,Japan,JPN,2012,5.922620773
985,Japan,JPN,2013,5.879684448
986,Japan,JPN,2014,5.954650879
987,Japan,JPN,2015,5.910676479
988,Japan,JPN,2016,5.793575287
989,Japan,JPN,2017,5.908039093
990,Japan,JPN,2018,6.117963314
991,Japan,JPN,2019,5.940499783
992,Japan,JPN,2020,6.038899899
999,Jordan,JOR,2010,5.131996155
1000,Jordan,JOR,2011,5.171952724
1001,Jordan,JOR,2012,5.333021641
1002,Jordan,JOR,2013,5.404593468
1003,Jordan,JOR,2014,5.27128458
1004,Jordan,JOR,2015,4.808082581
1005,Jordan,JOR,2016,4.638933659
1006,Jordan,JOR,2017,4.452548027
1007,Jordan,JOR,2018,4.093991756
1008,Jordan,JOR,2019,4.394599915
1009,Jordan,JOR,2020,4.152100086
1016,Kazakhstan,KAZ,2010,5.759469509
1017,Kazakhstan,KAZ,2011,5.835483074
1018,Kazakhstan,KAZ,2012,5.970097542
1019,Kazakhstan,KAZ,2013,5.949995041
1020,Kazakhstan,KAZ,2014,5.533551693
1021,Kazakhstan,KAZ,2015,5.882351398
1022,Kazakhstan,KAZ,2016,6.00763607
1023,Kazakhstan,KAZ,2017,6.272268295
1024,Kazakhstan,KAZ,2018,6.168269157
1025,Kazakhstan,KAZ,2019,6.151800156
1026,Kazakhstan,KAZ,2020,6.234099865
1033,Kenya,KEN,2010,4.547335148
1034,Kenya,KEN,2011,3.795383215
1035,Kenya,KEN,2012,4.904579639
1036,Kenya,KEN,2013,4.357617855
1037,Kenya,KEN,2014,4.396127701
1038,Kenya,KEN,2015,4.475654125
1039,Kenya,KEN,2016,4.655702591
1040,Kenya,KEN,2017,4.618850231
1041,Kenya,KEN,2018,4.546584129
1042,Kenya,KEN,2019,4.606599808
1043,Kenya,KEN,2020,4.543000221
1049,Kosovo,OWID_KOS,2010,5.639588356
1050,Kosovo,OWID_KOS,2011,6.125758171
1051,Kosovo,OWID_KOS,2012,5.000375271
1052,Kosovo,OWID_KOS,2013,5.077460766
1053,Kosovo,OWID_KOS,2014,5.759412289
1054,Kosovo,OWID_KOS,2015,6.149199963
1055,Kosovo,OWID_KOS,2016,6.391825676
1056,Kosovo,OWID_KOS,2017,6.425144196
1057,Kosovo,OWID_KOS,2018,6.294414043
1058,Kosovo,OWID_KOS,2019,6.372000217
1059,Kosovo,OWID_KOS,2020,6.45510006
1064,Kuwait,KWT,2010,6.221094608
1065,Kuwait,KWT,2011,6.480031013
1066,Kuwait,KWT,2012,6.180138588
1067,Kuwait,KWT,2013,6.146031857
1068,Kuwait,KWT,2014,5.947194576
1069,Kuwait,KWT,2015,6.093905449
1070,Kuwait,KWT,2017,6.106119633
1071,Kuwait,KWT,2019,6.106100082
1072,Kuwait,KWT,2020,6.106100082
1079,Kyrgyzstan,KGZ,2010,5.207785606
1080,Kyrgyzstan,KGZ,2011,5.40242672
1081,Kyrgyzstan,KGZ,2012,5.252192974
1082,Kyrgyzstan,KGZ,2013,4.905375957
1083,Kyrgyzstan,KGZ,2014,4.856534004
1084,Kyrgyzstan,KGZ,2015,5.629536629
1085,Kyrgyzstan,KGZ,2016,5.297383308
1086,Kyrgyzstan,KGZ,2017,5.685220718
1087,Kyrgyzstan,KGZ,2018,6.249586105
1088,Kyrgyzstan,KGZ,2019,5.743599892
1089,Kyrgyzstan,KGZ,2020,5.828499794
1094,Laos,LAO,2010,4.876084805
1095,Laos,LAO,2015,4.623140812
1096,Laos,LAO,2016,4.85940218
1097,Laos,LAO,2017,5.196856022
1098,Laos,LAO,2018,5.284390926
1099,Laos,LAO,2019,5.03000021
1100,Laos,LAO,2020,5.140299797
1106,Latvia,LVA,2010,5.125025272
1107,Latvia,LVA,2011,5.069770336
1108,Latvia,LVA,2012,5.729115486
1109,Latvia,LVA,2013,5.880597591
1110,Latvia,LVA,2014,5.940446377
1111,Latvia,LVA,2015,5.977817535
1112,Latvia,LVA,2016,5.901154041
1113,Latvia,LVA,2017,5.969753742
1114,Latvia,LVA,2018,6.229008675
1115,Latvia,LVA,2019,6.032000065
1116,Latvia,LVA,2020,6.180399895
1123,Lebanon,LBN,2010,4.572566986
1124,Lebanon,LBN,2011,4.983288765
1125,Lebanon,LBN,2012,5.233025551
1126,Lebanon,LBN,2013,5.171971321
1127,Lebanon,LBN,2014,5.27072382
1128,Lebanon,LBN,2015,5.153989792
1129,Lebanon,LBN,2016,5.167186737
1130,Lebanon,LBN,2017,4.024219513
1131,Lebanon,LBN,2019,4.583799839
1132,Lebanon,LBN,2020,2.955300093
1134,Lesotho,LSO,2014,3.808204889
1135,Lesotho,LSO,2015,3.795300722
1136,Lesotho,LSO,2017,3.5117805
1137,Lesotho,LSO,2019,3.511800051
1138,Lesotho,LSO,2020,3.511800051
1142,Liberia,LBR,2012,4.571419239
1143,Liberia,LBR,2013,2.701591253
1144,Liberia,LBR,2014,3.354676008
1145,Liberia,LBR,2015,4.424490929
1146,Liberia,LBR,2016,4.134852886
1147,Liberia,LBR,2017,5.121460915
1148,Liberia,LBR,2019,4.625199795
1149,Liberia,LBR,2020,5.121500015
1150,Libya,LBY,2010,5.754394054
1151,Libya,LBY,2013,5.615404606
1152,Libya,LBY,2014,5.43358326
1153,Libya,LBY,2015,5.646852493
1154,Libya,LBY,2016,5.493977547
1155,Libya,LBY,2017,5.33022213
1156,Libya,LBY,2019,5.410299778
1157,Libya,LBY,2020,5.330200195
1164,Lithuania,LTU,2010,5.771037102
1165,Lithuania,LTU,2011,5.595689297
1166,Lithuania,LTU,2012,6.125723839
1167,Lithuania,LTU,2013,5.711378098
1168,Lithuania,LTU,2014,5.865552425
1169,Lithuania,LTU,2015,6.272940636
1170,Lithuania,LTU,2016,6.308878899
1171,Lithuania,LTU,2017,6.064097881
1172,Lithuania,LTU,2018,6.39137888
1173,Lithuania,LTU,2019,6.255400181
1174,Lithuania,LTU,2020,6.445600033
1178,Luxembourg,LUX,2010,6.964097023
1179,Luxembourg,LUX,2011,7.130809307
1180,Luxembourg,LUX,2012,6.89112711
1181,Luxembourg,LUX,2013,6.701571465
1182,Luxembourg,LUX,2014,6.967340946
1183,Luxembourg,LUX,2015,7.061380863
1184,Luxembourg,LUX,2016,7.242630959
1185,Luxembourg,LUX,2017,7.404015541
1186,Luxembourg,LUX,2019,7.324399948
1187,Luxembourg,LUX,2020,7.403999805
1191,Madagascar,MDG,2010,3.550609589
1192,Madagascar,MDG,2011,3.815607071
1193,Madagascar,MDG,2012,3.675626993
1194,Madagascar,MDG,2013,3.592514038
1195,Madagascar,MDG,2014,3.663085938
1196,Madagascar,MDG,2015,4.078620434
1197,Madagascar,MDG,2016,4.070586681
1198,Madagascar,MDG,2017,4.339087486
1199,Madagascar,MDG,2019,4.208499908
1200,Madagascar,MDG,2020,4.339099884
1205,Malawi,MWI,2010,4.279269695
1206,Malawi,MWI,2011,4.035084248
1207,Malawi,MWI,2012,4.563080311
1208,Malawi,MWI,2013,3.86763835
1209,Malawi,MWI,2014,3.476492643
1210,Malawi,MWI,2015,3.416862965
1211,Malawi,MWI,2016,3.334633589
1212,Malawi,MWI,2017,3.869123697
1213,Malawi,MWI,2019,3.599999905
1214,Malawi,MWI,2020,3.750400066
1221,Malaysia,MYS,2010,5.914283752
1222,Malaysia,MYS,2011,5.770199776
1223,Malaysia,MYS,2012,5.962921619
1224,Malaysia,MYS,2013,6.322121143
1225,Malaysia,MYS,2016,5.338817596
1226,Malaysia,MYS,2017,5.427954197
1227,Malaysia,MYS,2019,5.384300232
1228,Malaysia,MYS,2020,5.711299896
1229,Maldives,MDV,2016,5.197574615
1230,Maldives,MDV,2019,5.197599888
1236,Mali,MLI,2010,4.313016891
1237,Mali,MLI,2011,3.676277161
1238,Mali,MLI,2012,3.974714279
1239,Mali,MLI,2013,4.582098484
1240,Mali,MLI,2014,4.016027927
1241,Mali,MLI,2015,4.741850376
1242,Mali,MLI,2016,4.415729523
1243,Mali,MLI,2017,4.98799181
1244,Mali,MLI,2019,4.723499775
1245,Mali,MLI,2020,4.479000092
1249,Malta,MLT,2010,5.962872028
1250,Malta,MLT,2011,6.379924774
1251,Malta,MLT,2012,6.45211792
1252,Malta,MLT,2013,6.61339426
1253,Malta,MLT,2014,6.590842247
1254,Malta,MLT,2015,6.675665855
1255,Malta,MLT,2016,6.909710884
1256,Malta,MLT,2017,6.73297739
1257,Malta,MLT,2018,6.156822681
1258,Malta,MLT,2019,6.602000237
1259,Malta,MLT,2020,6.446899891
1265,Mauritania,MRT,2010,4.673203945
1266,Mauritania,MRT,2011,4.199015141
1267,Mauritania,MRT,2012,4.482805252
1268,Mauritania,MRT,2013,3.922664165
1269,Mauritania,MRT,2014,4.472149372
1270,Mauritania,MRT,2015,4.678159714
1271,Mauritania,MRT,2016,4.313615322
1272,Mauritania,MRT,2017,4.152619362
1273,Mauritania,MRT,2019,4.227399826
1274,Mauritania,MRT,2020,4.152599812
1276,Mauritius,MUS,2012,5.647779942
1277,Mauritius,MUS,2014,5.610003471
1278,Mauritius,MUS,2015,6.174117565
1279,Mauritius,MUS,2016,5.88174057
1280,Mauritius,MUS,2017,6.241165161
1281,Mauritius,MUS,2018,6.015300274
1282,Mauritius,MUS,2019,6.048999786
1283,Mauritius,MUS,2020,6.071100235
1290,Mexico,MEX,2010,7.320185184
1291,Mexico,MEX,2011,7.442546368
1292,Mexico,MEX,2012,6.679831028
1293,Mexico,MEX,2013,6.236287117
1294,Mexico,MEX,2014,6.824172974
1295,Mexico,MEX,2015,6.410299301
1296,Mexico,MEX,2016,6.549578667
1297,Mexico,MEX,2017,6.431945324
1298,Mexico,MEX,2018,5.964221001
1299,Mexico,MEX,2019,6.316800117
1300,Mexico,MEX,2020,6.127600193
1307,Moldova,MDA,2010,5.995712757
1308,Moldova,MDA,2011,5.75605917
1309,Moldova,MDA,2012,5.917058468
1310,Moldova,MDA,2013,6.017472267
1311,Moldova,MDA,2014,5.577784061
1312,Moldova,MDA,2015,5.325530529
1313,Moldova,MDA,2016,5.682277203
1314,Moldova,MDA,2017,5.803450584
1315,Moldova,MDA,2018,5.811628819
1316,Moldova,MDA,2019,5.76639986
1317,Moldova,MDA,2020,5.856800079
1322,Mongolia,MNG,2010,4.885150433
1323,Mongolia,MNG,2011,4.912928104
1324,Mongolia,MNG,2012,4.824834824
1325,Mongolia,MNG,2013,4.982719898
1326,Mongolia,MNG,2014,5.056999683
1327,Mongolia,MNG,2015,5.333850384
1328,Mongolia,MNG,2016,5.464622974
1329,Mongolia,MNG,2017,5.562905312
1330,Mongolia,MNG,2018,6.011364937
1331,Mongolia,MNG,2019,5.677199841
1332,Mongolia,MNG,2020,5.760700226
1337,Montenegro,MNE,2010,5.218724251
1338,Montenegro,MNE,2011,5.074341774
1339,Montenegro,MNE,2012,5.282720566
1340,Montenegro,MNE,2013,5.124921322
1341,Montenegro,MNE,2014,5.304066181
1342,Montenegro,MNE,2015,5.614798546
1343,Montenegro,MNE,2016,5.650189877
1344,Montenegro,MNE,2017,5.386024952
1345,Montenegro,MNE,2018,5.722162724
1346,Montenegro,MNE,2019,5.580500126
1347,Montenegro,MNE,2020,5.546800137
1350,Morocco,MAR,2010,4.969656467
1351,Morocco,MAR,2011,5.142160416
1352,Morocco,MAR,2013,5.163156986
1353,Morocco,MAR,2014,5.38630724
1354,Morocco,MAR,2015,5.312482834
1355,Morocco,MAR,2016,4.896791935
1356,Morocco,MAR,2017,5.056751728
1357,Morocco,MAR,2018,4.80261755
1358,Morocco,MAR,2019,4.918000221
1359,Morocco,MAR,2020,5.059899807
1364,Mozambique,MOZ,2013,4.549767494
1365,Mozambique,MOZ,2015,4.279863358
1366,Mozambique,MOZ,2016,4.653713703
1367,Mozambique,MOZ,2017,4.932132721
1368,Mozambique,MOZ,2019,4.794499874
1369,Mozambique,MOZ,2020,5.048299789
1370,Myanmar,MMR,2010,4.438939571
1371,Myanmar,MMR,2011,4.175670624
1372,Myanmar,MMR,2012,4.786247253
1373,Myanmar,MMR,2013,4.223846436
1374,Myanmar,MMR,2014,4.623119831
1375,Myanmar,MMR,2015,4.154341698
1376,Myanmar,MMR,2016,4.410633087
1377,Myanmar,MMR,2017,4.43423748
1378,Myanmar,MMR,2018,4.431364059
1379,Myanmar,MMR,2019,4.425799847
1380,Myanmar,MMR,2020,4.394199848
1382,Namibia,NAM,2012,4.573991299
1383,Namibia,NAM,2015,4.441306114
1384,Namibia,NAM,2016,4.834087849
1385,Namibia,NAM,2017,4.435811043
1386,Namibia,NAM,2018,4.451010227
1387,Namibia,NAM,2019,4.574100018
1388,Namibia,NAM,2020,4.459400177
1395,Nepal,NPL,2010,4.233244896
1396,Nepal,NPL,2011,4.604576588
1397,Nepal,NPL,2012,4.975014687
1398,Nepal,NPL,2013,4.812436581
1399,Nepal,NPL,2014,5.099539757
1400,Nepal,NPL,2015,4.736692429
1401,Nepal,NPL,2016,4.910086632
1402,Nepal,NPL,2017,5.448724747
1403,Nepal,NPL,2019,5.268899918
1404,Nepal,NPL,2020,5.37650013
1410,Netherlands,NLD,2010,7.470715523
1411,Netherlands,NLD,2011,7.406550407
1412,Netherlands,NLD,2012,7.32118845
1413,Netherlands,NLD,2013,7.324437141
1414,Netherlands,NLD,2014,7.540877342
1415,Netherlands,NLD,2015,7.458965302
1416,Netherlands,NLD,2016,7.463097095
1417,Netherlands,NLD,2017,7.42526865
1418,Netherlands,NLD,2018,7.504447937
1419,Netherlands,NLD,2019,7.464000225
1420,Netherlands,NLD,2020,7.414899826
1426,New Zealand,NZL,2010,7.249629974
1427,New Zealand,NZL,2011,7.280151844
1428,New Zealand,NZL,2012,7.305892467
1429,New Zealand,NZL,2013,7.418120861
1430,New Zealand,NZL,2014,7.225687981
1431,New Zealand,NZL,2015,7.32718277
1432,New Zealand,NZL,2016,7.370285988
1433,New Zealand,NZL,2017,7.205174446
1434,New Zealand,NZL,2018,7.257381916
1435,New Zealand,NZL,2019,7.276599884
1436,New Zealand,NZL,2020,7.199800014
1443,Nicaragua,NIC,2010,5.448006153
1444,Nicaragua,NIC,2011,5.772274971
1445,Nicaragua,NIC,2012,6.275266647
1446,Nicaragua,NIC,2013,5.924112797
1447,Nicaragua,NIC,2014,6.012739658
1448,Nicaragua,NIC,2015,6.476356506
1449,Nicaragua,NIC,2016,5.81895256
1450,Nicaragua,NIC,2017,6.112545013
1451,Nicaragua,NIC,2019,5.972099781
1452,Nicaragua,NIC,2020,6.164599895
1459,Niger,NER,2010,3.798088312
1460,Niger,NER,2011,3.716329813
1461,Niger,NER,2012,4.180943489
1462,Niger,NER,2013,3.671453714
1463,Niger,NER,2014,4.234645844
1464,Niger,NER,2015,4.615673542
1465,Niger,NER,2016,5.164007187
1466,Niger,NER,2017,5.003544331
1467,Niger,NER,2019,5.074100018
1468,Niger,NER,2020,5.003499985
1474,Nigeria,NGA,2010,5.492954254
1475,Nigeria,NGA,2011,4.81786871
1476,Nigeria,NGA,2013,4.932914734
1477,Nigeria,NGA,2014,5.219567776
1478,Nigeria,NGA,2015,5.321928024
1479,Nigeria,NGA,2016,5.252288342
1480,Nigeria,NGA,2017,4.356419086
1481,Nigeria,NGA,2018,5.502948284
1482,Nigeria,NGA,2019,4.759300232
1483,Nigeria,NGA,2020,4.552000046
1488,North Macedonia,MKD,2010,4.639647484
1489,North Macedonia,MKD,2011,5.186190605
1490,North Macedonia,MKD,2012,5.203825951
1491,North Macedonia,MKD,2013,4.975589752
1492,North Macedonia,MKD,2014,5.34574604
1493,North Macedonia,MKD,2015,5.233866692
1494,North Macedonia,MKD,2016,5.239834785
1495,North Macedonia,MKD,2017,5.015485287
1496,North Macedonia,MKD,2018,5.053664207
1497,North Macedonia,MKD,2019,5.101200104
1498,North Macedonia,MKD,2020,5.198999882
1499,Northern Cyprus,OWID_CYN,2010,5.463305473
1500,Northern Cyprus,OWID_CYN,2011,5.566802502
1501,Northern Cyprus,OWID_CYN,2012,5.785978794
1502,Northern Cyprus,OWID_CYN,2013,5.842550278
1503,Northern Cyprus,OWID_CYN,2014,5.827127934
1504,Northern Cyprus,OWID_CYN,2016,5.608056068
1505,Northern Cyprus,OWID_CYN,2017,5.4666152
1506,Northern Cyprus,OWID_CYN,2019,5.53550005
1507,Northern Cyprus,OWID_CYN,2020,5.466599941
1510,Norway,NOR,2010,7.678277016
1511,Norway,NOR,2012,7.444470882
1512,Norway,NOR,2013,7.603433609
1513,Norway,NOR,2014,7.596331596
1514,Norway,NOR,2015,7.578744888
1515,Norway,NOR,2016,7.444262028
1516,Norway,NOR,2017,7.442139626
1517,Norway,NOR,2018,7.290032387
1518,Norway,NOR,2019,7.392499924
1519,Norway,NOR,2020,7.365099907
1527,Pakistan,PAK,2010,5.131565094
1528,Pakistan,PAK,2011,5.138082504
1529,Pakistan,PAK,2012,5.435657978
1530,Pakistan,PAK,2013,4.823194981
1531,Pakistan,PAK,2014,5.548508167
1532,Pakistan,PAK,2015,5.830870628
1533,Pakistan,PAK,2016,5.471553802
1534,Pakistan,PAK,2017,4.442717552
1535,Pakistan,PAK,2019,4.934000015
1536,Pakistan,PAK,2020,4.515799999
1543,Palestine,PSE,2010,4.646608353
1544,Palestine,PSE,2011,4.844027996
1545,Palestine,PSE,2012,4.721938133
1546,Palestine,PSE,2013,4.695239067
1547,Palestine,PSE,2014,4.906618118
1548,Palestine,PSE,2015,4.62813282
1549,Palestine,PSE,2016,4.5539217
1550,Palestine,PSE,2017,4.48253727
1551,Palestine,PSE,2019,4.516699791
1552,Palestine,PSE,2020,4.482500076
1559,Panama,PAN,2010,6.859835625
1560,Panama,PAN,2011,6.86648035
1561,Panama,PAN,2012,6.631171227
1562,Panama,PAN,2013,6.605550289
1563,Panama,PAN,2014,6.117638111
1564,Panama,PAN,2015,6.567658901
1565,Panama,PAN,2016,6.281434059
1566,Panama,PAN,2017,6.085955143
1567,Panama,PAN,2019,6.179599762
1568,Panama,PAN,2020,6.309100151
1575,Paraguay,PRY,2010,5.820058346
1576,Paraguay,PRY,2011,5.936240673
1577,Paraguay,PRY,2012,5.118641853
1578,Paraguay,PRY,2013,5.559724331
1579,Paraguay,PRY,2014,5.801380157
1580,Paraguay,PRY,2015,5.71329546
1581,Paraguay,PRY,2017,5.652625561
1582,Paraguay,PRY,2019,5.652599812
1583,Paraguay,PRY,2020,5.578299999
1590,Peru,PER,2010,5.824557304
1591,Peru,PER,2011,5.782557487
1592,Peru,PER,2012,5.865815639
1593,Peru,PER,2013,5.577263355
1594,Peru,PER,2014,5.700628757
1595,Peru,PER,2015,5.710936546
1596,Peru,PER,2016,5.679661274
1597,Peru,PER,2017,5.999381542
1598,Peru,PER,2019,5.839600086
1599,Peru,PER,2020,5.559100151
1606,Philippines,PHL,2010,5.001965046
1607,Philippines,PHL,2011,4.976925373
1608,Philippines,PHL,2012,5.312550068
1609,Philippines,PHL,2013,5.547489166
1610,Philippines,PHL,2014,5.430832863
1611,Philippines,PHL,2015,5.594270229
1612,Philippines,PHL,2016,5.869172573
1613,Philippines,PHL,2017,6.267745018
1614,Philippines,PHL,2018,5.079585075
1615,Philippines,PHL,2019,5.880199909
1616,Philippines,PHL,2020,5.903600216
1622,Poland,POL,2010,5.87593174
1623,Poland,POL,2011,5.746131897
1624,Poland,POL,2012,5.750282288
1625,Poland,POL,2013,6.007021904
1626,Poland,POL,2014,6.162076473
1627,Poland,POL,2015,6.201268196
1628,Poland,POL,2016,6.111485004
1629,Poland,POL,2017,6.24209404
1630,Poland,POL,2018,6.139455318
1631,Poland,POL,2019,6.166100025
1632,Poland,POL,2020,6.122799873
1637,Portugal,PRT,2010,4.993962288
1638,Portugal,PRT,2011,5.157688141
1639,Portugal,PRT,2012,5.12691164
1640,Portugal,PRT,2013,5.080866337
1641,Portugal,PRT,2014,5.446637154
1642,Portugal,PRT,2015,5.711499214
1643,Portugal,PRT,2016,5.919822693
1644,Portugal,PRT,2017,6.095473289
1645,Portugal,PRT,2018,5.767792225
1646,Portugal,PRT,2019,5.928999901
1647,Portugal,PRT,2020,6.016300201
1651,Qatar,QAT,2010,6.611298561
1652,Qatar,QAT,2013,6.374529362
1658,Romania,ROU,2010,5.166874886
1659,Romania,ROU,2011,5.081584454
1660,Romania,ROU,2012,5.726893425
1661,Romania,ROU,2013,5.777491093
1662,Romania,ROU,2014,5.96887064
1663,Romania,ROU,2015,6.089904785
1664,Romania,ROU,2016,6.150878906
1665,Romania,ROU,2017,6.129942417
1666,Romania,ROU,2019,6.139999866
1667,Romania,ROU,2020,6.477000237
1674,Russia,RUS,2010,5.620735645
1675,Russia,RUS,2011,5.537177563
1676,Russia,RUS,2012,6.036976814
1677,Russia,RUS,2013,5.995538712
1678,Russia,RUS,2014,5.85494566
1679,Russia,RUS,2015,5.578742981
1680,Russia,RUS,2016,5.513500214
1681,Russia,RUS,2017,5.440523624
1682,Russia,RUS,2018,5.495288849
1683,Russia,RUS,2019,5.477200031
1684,Russia,RUS,2020,5.458600044
1689,Rwanda,RWA,2010,3.333047867
1690,Rwanda,RWA,2011,3.466387749
1691,Rwanda,RWA,2012,3.595678329
1692,Rwanda,RWA,2013,3.483108997
1693,Rwanda,RWA,2014,3.332989931
1694,Rwanda,RWA,2015,3.10837388
1695,Rwanda,RWA,2016,3.5610466
1696,Rwanda,RWA,2017,3.268152237
1697,Rwanda,RWA,2019,3.414700031
1698,Rwanda,RWA,2020,3.268199921
1705,Saudi Arabia,SAU,2010,6.396359444
1706,Saudi Arabia,SAU,2011,6.495132923
1707,Saudi Arabia,SAU,2012,6.27837801
1708,Saudi Arabia,SAU,2013,6.345491886
1709,Saudi Arabia,SAU,2014,6.473921299
1710,Saudi Arabia,SAU,2015,6.294282436
1711,Saudi Arabia,SAU,2016,6.356393337
1712,Saudi Arabia,SAU,2017,6.561247349
1713,Saudi Arabia,SAU,2018,6.559588432
1714,Saudi Arabia,SAU,2019,6.493999958
1715,Saudi Arabia,SAU,2020,6.522799969
1722,Senegal,SEN,2010,3.668736935
1723,Senegal,SEN,2011,3.647367001
1724,Senegal,SEN,2012,4.394777298
1725,Senegal,SEN,2013,4.61700058
1726,Senegal,SEN,2014,4.59453392
1727,Senegal,SEN,2015,4.683024883
1728,Senegal,SEN,2016,4.769377232
1729,Senegal,SEN,2017,5.488736629
1730,Senegal,SEN,2019,5.131800175
1731,Senegal,SEN,2020,5.04610014
1736,Serbia,SRB,2010,5.154521942
1737,Serbia,SRB,2011,5.101840496
1738,Serbia,SRB,2012,5.112728596
1739,Serbia,SRB,2013,5.317685127
1740,Serbia,SRB,2014,5.752754688
1741,Serbia,SRB,2015,5.122031212
1742,Serbia,SRB,2016,5.936493397
1743,Serbia,SRB,2017,6.241407394
1744,Serbia,SRB,2018,6.041546345
1745,Serbia,SRB,2019,6.077899933
1746,Serbia,SRB,2020,6.177999973
1752,Sierra Leone,SLE,2011,4.514291286
1753,Sierra Leone,SLE,2012,4.499970436
1754,Sierra Leone,SLE,2013,4.908617973
1755,Sierra Leone,SLE,2014,4.732953072
1756,Sierra Leone,SLE,2015,4.089562416
1757,Sierra Leone,SLE,2016,4.305683136
1758,Sierra Leone,SLE,2017,3.447381496
1759,Sierra Leone,SLE,2019,3.849400043
1760,Sierra Leone,SLE,2020,3.573999882
1767,Singapore,SGP,2011,6.53320694
1768,Singapore,SGP,2012,7.062364578
1769,Singapore,SGP,2013,6.619524956
1770,Singapore,SGP,2014,6.033480644
1771,Singapore,SGP,2015,6.378437996
1772,Singapore,SGP,2016,6.374564171
1773,Singapore,SGP,2017,6.378359795
1774,Singapore,SGP,2019,6.37650013
1775,Singapore,SGP,2020,6.480199814
1779,Slovakia,SVK,2010,5.91105938
1780,Slovakia,SVK,2011,5.936527252
1781,Slovakia,SVK,2012,6.1388731
1782,Slovakia,SVK,2013,6.162004471
1783,Slovakia,SVK,2014,5.993163109
1784,Slovakia,SVK,2015,6.365509033
1785,Slovakia,SVK,2016,6.23511076
1786,Slovakia,SVK,2017,6.243428707
1787,Slovakia,SVK,2018,6.519098282
1788,Slovakia,SVK,2019,6.330900192
1789,Slovakia,SVK,2020,6.390699863
1794,Slovenia,SVN,2010,6.062891006
1795,Slovenia,SVN,2011,5.974888802
1796,Slovenia,SVN,2012,5.678395271
1797,Slovenia,SVN,2013,5.740642071
1798,Slovenia,SVN,2014,5.936821461
1799,Slovenia,SVN,2015,6.166837692
1800,Slovenia,SVN,2016,6.249419212
1801,Slovenia,SVN,2017,6.665273666
1802,Slovenia,SVN,2018,6.462076187
1803,Slovenia,SVN,2019,6.460700035
1804,Slovenia,SVN,2020,6.630099773
1805,Somalia,SOM,2012,5.528272629
1806,Somalia,SOM,2013,5.353644848
1807,Somalia,SOM,2014,4.667941093
1811,Somaliland region,,2010,5.057314396
1818,South Africa,ZAF,2010,5.133887768
1819,South Africa,ZAF,2011,3.660727262
1820,South Africa,ZAF,2012,4.828456402
1821,South Africa,ZAF,2013,4.887325764
1822,South Africa,ZAF,2014,4.769739628
1823,South Africa,ZAF,2015,4.513655186
1824,South Africa,ZAF,2016,4.8839221
1825,South Africa,ZAF,2017,5.034863472
1826,South Africa,ZAF,2018,4.946800709
1827,South Africa,ZAF,2019,4.956399918
1828,South Africa,ZAF,2020,5.193900108
1835,South Korea,KOR,2010,6.003286839
1836,South Korea,KOR,2011,5.958809853
1837,South Korea,KOR,2012,5.801325321
1838,South Korea,KOR,2013,5.780211449
1839,South Korea,KOR,2014,5.970564365
1840,South Korea,KOR,2015,5.873887062
1841,South Korea,KOR,2016,5.840231419
1842,South Korea,KOR,2017,5.902816772
1843,South Korea,KOR,2018,5.792695522
1844,South Korea,KOR,2019,5.845499992
1845,South Korea,KOR,2020,5.935100079
1846,South Sudan,SSD,2012,3.831992388
1847,South Sudan,SSD,2013,4.070771217
1848,South Sudan,SSD,2014,2.888112307
1849,South Sudan,SSD,2015,2.816622496
1856,Spain,ESP,2010,6.290690422
1857,Spain,ESP,2011,6.150027275
1858,Spain,ESP,2012,6.456477642
1859,Spain,ESP,2013,6.380663395
1860,Spain,ESP,2014,6.318612099
1861,Spain,ESP,2015,6.230173111
1862,Spain,ESP,2016,6.513370991
1863,Spain,ESP,2017,6.457449436
1864,Spain,ESP,2018,6.502175331
1865,Spain,ESP,2019,6.490699768
1866,Spain,ESP,2020,6.476299763
1873,Sri Lanka,LKA,2010,4.224593163
1874,Sri Lanka,LKA,2011,4.364694118
1875,Sri Lanka,LKA,2012,4.267932892
1876,Sri Lanka,LKA,2013,4.611606598
1877,Sri Lanka,LKA,2015,4.330945492
1878,Sri Lanka,LKA,2016,4.435023785
1879,Sri Lanka,LKA,2017,4.213299274
1880,Sri Lanka,LKA,2019,4.324999809
1881,Sri Lanka,LKA,2020,4.362199783
1885,Sudan,SDN,2010,4.550499439
1886,Sudan,SDN,2012,4.138672829
1887,Suriname,SUR,2010,6.269286633
1894,Sweden,SWE,2010,7.560147762
1895,Sweden,SWE,2011,7.434010506
1896,Sweden,SWE,2012,7.239147663
1897,Sweden,SWE,2013,7.28892231
1898,Sweden,SWE,2014,7.368744373
1899,Sweden,SWE,2015,7.286804676
1900,Sweden,SWE,2016,7.374792099
1901,Sweden,SWE,2017,7.398092747
1902,Sweden,SWE,2018,7.314341068
1903,Sweden,SWE,2019,7.362699986
1904,Sweden,SWE,2020,7.384300232
1907,Switzerland,CHE,2010,7.776208878
1908,Switzerland,CHE,2012,7.492803574
1909,Switzerland,CHE,2013,7.572136879
1910,Switzerland,CHE,2014,7.458519936
1911,Switzerland,CHE,2015,7.473593235
1912,Switzerland,CHE,2016,7.508586884
1913,Switzerland,CHE,2017,7.69422102
1914,Switzerland,CHE,2018,7.508435249
1915,Switzerland,CHE,2019,7.571499825
1916,Switzerland,CHE,2020,7.511600018
1921,Syria,SYR,2010,3.164491177
1922,Syria,SYR,2011,2.687552929
1923,Syria,SYR,2013,3.46191287
1928,Taiwan,TWN,2010,6.125916958
1929,Taiwan,TWN,2011,6.340344429
1930,Taiwan,TWN,2012,6.36349678
1931,Taiwan,TWN,2013,6.450088024
1932,Taiwan,TWN,2014,6.512850761
1933,Taiwan,TWN,2015,6.359450817
1934,Taiwan,TWN,2016,6.467004776
1935,Taiwan,TWN,2017,6.537089825
1936,Taiwan,TWN,2018,6.751067638
1937,Taiwan,TWN,2019,6.584400177
1938,Taiwan,TWN,2020,6.512499809
1945,Tajikistan,TJK,2010,4.496571541
1946,Tajikistan,TJK,2011,4.966521263
1947,Tajikistan,TJK,2012,4.896157742
1948,Tajikistan,TJK,2013,5.124210835
1949,Tajikistan,TJK,2014,5.103721142
1950,Tajikistan,TJK,2015,5.829234123
1951,Tajikistan,TJK,2016,5.497468948
1952,Tajikistan,TJK,2017,5.464015484
1953,Tajikistan,TJK,2018,5.373398781
1954,Tajikistan,TJK,2019,5.466199875
1955,Tajikistan,TJK,2020,5.377099991
1962,Tanzania,TZA,2010,4.006897449
1963,Tanzania,TZA,2011,3.852394819
1964,Tanzania,TZA,2012,3.483278513
1965,Tanzania,TZA,2013,3.660597324
1966,Tanzania,TZA,2014,2.90273428
1967,Tanzania,TZA,2015,3.347121239
1968,Tanzania,TZA,2016,3.445023298
1969,Tanzania,TZA,2017,3.640154839
1970,Tanzania,TZA,2018,3.785684109
1971,Tanzania,TZA,2019,3.62319994
1972,Tanzania,TZA,2020,3.702399969
1979,Thailand,THA,2010,6.300235271
1980,Thailand,THA,2011,6.231024742
1981,Thailand,THA,2012,6.985463619
1982,Thailand,THA,2013,6.201762676
1983,Thailand,THA,2014,6.07363987
1984,Thailand,THA,2015,5.938895226
1985,Thailand,THA,2016,6.011561871
1986,Thailand,THA,2017,6.02215147
1987,Thailand,THA,2018,5.884544373
1988,Thailand,THA,2019,5.984700203
1989,Thailand,THA,2020,5.891200066
1993,Togo,TGO,2012,2.83895874
1994,Togo,TGO,2013,3.768301964
1995,Togo,TGO,2014,3.878578424
1996,Togo,TGO,2015,4.360805035
1997,Togo,TGO,2016,4.022894859
1998,Togo,TGO,2017,4.179493904
1999,Togo,TGO,2019,4.106800079
2000,Togo,TGO,2020,4.112299919
2004,Trinidad and Tobago,TTO,2011,6.167706966
2005,Trinidad and Tobago,TTO,2015,6.191859722
2009,Tunisia,TUN,2010,4.463531017
2010,Tunisia,TUN,2011,5.245604992
2011,Tunisia,TUN,2012,4.763594627
2012,Tunisia,TUN,2013,5.131611824
2013,Tunisia,TUN,2014,4.521453381
2014,Tunisia,TUN,2015,4.124342918
2015,Tunisia,TUN,2016,4.741132259
2016,Tunisia,TUN,2017,4.315479755
2017,Tunisia,TUN,2018,4.730811119
2018,Tunisia,TUN,2019,4.59649992
2019,Tunisia,TUN,2020,4.515999794
2026,Turkey,TUR,2010,5.309076309
2027,Turkey,TUR,2011,4.888177395
2028,Turkey,TUR,2012,5.579794407
2029,Turkey,TUR,2013,5.514465332
2030,Turkey,TUR,2014,5.326221943
2031,Turkey,TUR,2015,5.607262135
2032,Turkey,TUR,2016,5.185689449
2033,Turkey,TUR,2017,4.87207365
2034,Turkey,TUR,2018,4.861554146
2035,Turkey,TUR,2019,4.947599888
2036,Turkey,TUR,2020,4.74420023
2039,Turkmenistan,TKM,2010,5.463827133
2040,Turkmenistan,TKM,2011,5.391762733
2041,Turkmenistan,TKM,2012,5.787379265
2042,Turkmenistan,TKM,2013,5.791460037
2043,Turkmenistan,TKM,2014,5.887051582
2044,Turkmenistan,TKM,2015,5.229148865
2045,Turkmenistan,TKM,2016,4.620601654
2046,Turkmenistan,TKM,2017,5.474299908
2047,Turkmenistan,TKM,2019,5.066400051
2048,Turkmenistan,TKM,2020,5.474299908
2055,Uganda,UGA,2010,4.309237957
2056,Uganda,UGA,2011,3.709578753
2057,Uganda,UGA,2012,3.769919157
2058,Uganda,UGA,2013,4.237686634
2059,Uganda,UGA,2014,4.233261108
2060,Uganda,UGA,2015,4.000516891
2061,Uganda,UGA,2016,4.321714878
2062,Uganda,UGA,2017,4.948051453
2063,Uganda,UGA,2018,4.640909672
2064,Uganda,UGA,2019,4.636499882
2065,Uganda,UGA,2020,4.602600098
2072,Ukraine,UKR,2010,5.030342102
2073,Ukraine,UKR,2011,4.710802555
2074,Ukraine,UKR,2012,4.297329903
2075,Ukraine,UKR,2013,3.964542866
2076,Ukraine,UKR,2014,4.028690338
2077,Ukraine,UKR,2015,4.311067104
2078,Ukraine,UKR,2016,4.661909103
2079,Ukraine,UKR,2017,4.701762199
2080,Ukraine,UKR,2018,5.269675732
2081,Ukraine,UKR,2019,4.874800205
2082,Ukraine,UKR,2020,5.08409977
2087,United Arab Emirates,ARE,2010,7.217766762
2088,United Arab Emirates,ARE,2011,6.620951176
2089,United Arab Emirates,ARE,2012,6.539854527
2090,United Arab Emirates,ARE,2013,6.568397522
2091,United Arab Emirates,ARE,2014,6.83095026
2092,United Arab Emirates,ARE,2015,7.039419651
2093,United Arab Emirates,ARE,2016,6.603743553
2094,United Arab Emirates,ARE,2017,6.710782528
2095,United Arab Emirates,ARE,2018,6.458392143
2096,United Arab Emirates,ARE,2019,6.560500145
2097,United Arab Emirates,ARE,2020,6.576000214
2104,United Kingdom,GBR,2010,6.880784035
2105,United Kingdom,GBR,2011,6.918055058
2106,United Kingdom,GBR,2012,6.758147717
2107,United Kingdom,GBR,2013,6.515445232
2108,United Kingdom,GBR,2014,6.8242836
2109,United Kingdom,GBR,2015,7.103273392
2110,United Kingdom,GBR,2016,7.233445168
2111,United Kingdom,GBR,2017,7.157151222
2112,United Kingdom,GBR,2018,6.798177242
2113,United Kingdom,GBR,2019,7.063600063
2114,United Kingdom,GBR,2020,6.942500114
2121,United States,USA,2010,7.026226997
2122,United States,USA,2011,7.249285221
2123,United States,USA,2012,7.151114464
2124,United States,USA,2013,6.863946915
2125,United States,USA,2014,6.803599834
2126,United States,USA,2015,6.9917593
2127,United States,USA,2016,6.882684708
2128,United States,USA,2017,6.943701267
2129,United States,USA,2018,7.028088093
2130,United States,USA,2019,6.951499939
2131,United States,USA,2020,6.976799965
2138,Uruguay,URY,2010,6.449728489
2139,Uruguay,URY,2011,6.444464684
2140,Uruguay,URY,2012,6.561443806
2141,Uruguay,URY,2013,6.628080368
2142,Uruguay,URY,2014,6.171485424
2143,Uruguay,URY,2015,6.336009979
2144,Uruguay,URY,2016,6.371714592
2145,Uruguay,URY,2017,6.600337029
2146,Uruguay,URY,2018,6.309681416
2147,Uruguay,URY,2019,6.431399822
2148,Uruguay,URY,2020,6.473599911
2154,Uzbekistan,UZB,2010,6.019331932
2155,Uzbekistan,UZB,2011,5.939986229
2156,Uzbekistan,UZB,2012,6.049212456
2157,Uzbekistan,UZB,2013,5.972364426
2158,Uzbekistan,UZB,2014,5.892539024
2159,Uzbekistan,UZB,2015,6.421447754
2160,Uzbekistan,UZB,2016,6.205460072
2161,Uzbekistan,UZB,2017,6.154049397
2162,Uzbekistan,UZB,2019,6.178800106
2163,Uzbekistan,UZB,2020,6.062699795
2170,Venezuela,VEN,2010,7.066577435
2171,Venezuela,VEN,2011,6.552796364
2172,Venezuela,VEN,2012,6.136096478
2173,Venezuela,VEN,2013,5.568800449
2174,Venezuela,VEN,2014,4.041114807
2175,Venezuela,VEN,2015,5.070750713
2176,Venezuela,VEN,2016,5.005663395
2177,Venezuela,VEN,2017,5.080803394
2178,Venezuela,VEN,2018,4.573829651
2179,Venezuela,VEN,2019,4.892199993
2180,Venezuela,VEN,2020,4.925499916
2187,Vietnam,VNM,2010,5.53456974
2188,Vietnam,VNM,2011,5.022698879
2189,Vietnam,VNM,2012,5.084923267
2190,Vietnam,VNM,2013,5.076315403
2191,Vietnam,VNM,2014,5.062267303
2192,Vietnam,VNM,2015,5.175278664
2193,Vietnam,VNM,2016,5.295547009
2194,Vietnam,VNM,2017,5.467451096
2195,Vietnam,VNM,2019,5.41079998
2196,Vietnam,VNM,2020,5.485000134
2201,Yemen,YEM,2010,4.060600758
2202,Yemen,YEM,2011,4.217678547
2203,Yemen,YEM,2012,3.967957973
2204,Yemen,YEM,2013,2.982673883
2205,Yemen,YEM,2014,3.825630903
2206,Yemen,YEM,2015,3.253560066
2207,Yemen,YEM,2016,3.057513952
2208,Yemen,YEM,2017,4.196912766
2209,Yemen,YEM,2019,3.657900095
2210,Yemen,YEM,2020,4.196899891
2216,Zambia,ZMB,2010,5.013374805
2217,Zambia,ZMB,2011,5.243995667
2218,Zambia,ZMB,2012,4.345837116
2219,Zambia,ZMB,2013,4.843164444
2220,Zambia,ZMB,2014,4.347543716
2221,Zambia,ZMB,2015,3.932777405
2222,Zambia,ZMB,2016,4.041488171
2223,Zambia,ZMB,2017,3.306796551
2224,Zambia,ZMB,2018,4.837992191
2225,Zambia,ZMB,2019,4.073400021
2226,Zambia,ZMB,2020,3.759799957
2233,Zimbabwe,ZWE,2010,4.955100536
2234,Zimbabwe,ZWE,2011,4.690187931
2235,Zimbabwe,ZWE,2012,4.184450626
2236,Zimbabwe,ZWE,2013,3.70319128
2237,Zimbabwe,ZWE,2014,3.7354002
2238,Zimbabwe,ZWE,2015,3.63830018
2239,Zimbabwe,ZWE,2016,3.616479874
2240,Zimbabwe,ZWE,2017,2.693523169
2241,Zimbabwe,ZWE,2018,3.159802198
2242,Zimbabwe,ZWE,2019,3.144799948
2243,Zimbabwe,ZWE,2020,2.995100021