,Unnamed: 0,Entity,Code,life_ind,country,latitude,longitude
0,0,Afghanistan,AFG,3.30250874175,AF,33.93911,67.709953
1,1,Albania,ALB,4.82894444475,AL,41.153332,20.168331
2,2,Algeria,DZA,5.389495611166667,DZ,28.033886,1.659626
3,3,Angola,AGO,4.030731598666667,AO,-11.202692,17.873887
4,4,Argentina,ARG,6.345475137375,AR,-38.416097,-63.616672
5,5,Armenia,ARM,4.570256113875,AM,40.069099,45.038189
6,6,Australia,AUS,7.259433985,AU,-25.274398,133.775136
7,7,Austria,AUT,7.23238760225,AT,47.516231,14.550072
8,8,Azerbaijan,AZE,5.1984767915,AZ,40.143105,47.576927
9,9,Bahrain,BHR,6.197773388428572,BH,25.930414,50.637772
10,10,Bangladesh,BGD,4.641623675875,BD,23.684994,90.356331
11,11,Belarus,BLR,5.617856979375,BY,53.709807,27.953389
12,12,Belgium,BEL,6.91749066125,BE,50.503887,4.469936
13,13,Belize,BLZ,5.955646515,BZ,17.189877,-88.49765
14,14,Benin,BEN,4.1627114415,BJ,9.30769,2.315834
15,15,Bhutan,BTN,5.196599483666667,BT,27.514162,90.433601
16,16,Bolivia,BOL,5.811966538375,BO,-16.290154,-63.588653
17,17,Bosnia and Herzegovina,BIH,5.304579079125,BA,43.915886,17.679076
18,18,Botswana,BWA,3.836708486125,BW,-22.328474,24.684866
19,19,Brazil,BRA,6.584749937,BR,-14.235004,-51.92528
20,20,Bulgaria,BGR,4.70760911725,BG,42.733883,25.48583
21,21,Burkina Faso,BFA,4.2127362787500005,BF,12.238333,-1.561593
22,22,Burundi,BDI,3.3399090765,BI,-3.373056,29.918886
23,23,Cambodia,KHM,4.34823349125,KH,12.565679,104.990963
24,24,Cameroon,CMR,4.733979642125,CM,7.369722,12.354722
25,25,Canada,CAN,7.33378201725,CA,56.130366,-106.346771
26,26,Central African Republic,CAF,3.0844615695,CF,6.611111,20.939444
27,27,Chad,TCD,4.08111345775,TD,15.454166,18.732207
28,28,Chile,CHL,6.499239623625,CL,-35.675147,-71.542969
29,29,China,CHN,5.191884517625,CN,35.86166,104.195397
30,30,Colombia,COL,6.317832350875,CO,4.570868,-74.297333
31,31,Comoros,COM,4.179025411666667,KM,-11.875001,43.872219
32,33,Costa Rica,CRI,7.1288542150000005,CR,9.748917,-83.753428
33,35,Croatia,HRV,5.55266052475,HR,45.1,15.2
34,36,Cyprus,CYP,5.869461298125,CY,35.126413,33.429859
35,39,Denmark,DNK,7.577971756375,DK,56.26392,9.501785
36,40,Dominican Republic,DOM,5.312421858375,DO,18.735693,-70.162651
37,41,Ecuador,ECU,5.9727433325,EC,-1.831239,-78.183406
38,42,Egypt,EGY,4.278706967875,EG,26.820553,30.802498
39,43,El Salvador,SLV,6.163702189875,SV,13.794185,-88.89653
40,44,Estonia,EST,5.70378500225,EE,58.595272,25.013607
41,46,Ethiopia,ETH,4.380347371125,ET,9.145,40.489673
42,47,Finland,FIN,7.597986519375,FI,61.92411,25.748151
43,48,France,FRA,6.57586985825,FR,46.227638,2.213749
44,49,Gabon,GAB,4.4578727185,GA,-0.803689,11.609444
45,50,Gambia,GMB,4.734555085333334,GM,13.443182,-15.310139
46,51,Georgia,GEO,4.43286359325,GE,42.315407,43.356892
47,52,Germany,DEU,6.97384542225,DE,51.165691,10.451526
48,53,Ghana,GHA,4.729350924625,GH,7.946527,-1.023194
49,54,Greece,GRC,5.250958621375,GR,39.074208,21.824312
50,55,Guatemala,GTM,6.30176723,GT,15.783471,-90.230759
51,56,Guinea,GIN,4.12087655075,GN,9.945587,-9.696645
52,57,Haiti,HTI,3.897867407,HT,18.971187,-72.285215
53,58,Honduras,HND,5.340419352125,HN,15.199999,-86.241905
54,59,Hong Kong,HKG,5.4924056052,HK,22.396428,114.109497
55,60,Hungary,HUN,5.44659286725,HU,47.162494,19.503304
56,61,Iceland,ISL,7.518146356,IS,64.963051,-19.020835
57,62,India,IND,4.1508150995,IN,20.593684,78.96288
58,63,Indonesia,IDN,5.277715325375,ID,-0.789275,113.921327
59,64,Iran,IRN,4.729308068875,IR,32.427908,53.688046
60,65,Iraq,IRQ,4.597248895,IQ,33.223191,43.679291
61,66,Ireland,IRL,6.9864123465,IE,53.41291,-8.24389
62,67,Israel,ISR,7.207550644999999,IL,31.046051,34.851612
63,68,Italy,ITA,6.1047868132500005,IT,41.87194,12.56738
64,69,Jamaica,JAM,5.80460584175,JM,18.109581,-77.297508
65,70,Japan,JPN,5.912103116375,JP,36.204824,138.252924
66,71,Jordan,JOR,5.026551604375,JO,30.585164,36.238414
67,72,Kazakhstan,KAZ,5.90135657775,KZ,48.019573,66.923684
68,73,Kenya,KEN,4.468906313125,KE,-0.023559,37.906193
69,74,Kosovo,OWID_KOS,5.821095586,XK,42.602636,20.902977
70,75,Kuwait,KWT,6.167787960571429,KW,29.31166,47.481766
71,76,Kyrgyzstan,KGZ,5.2795569895,KG,41.20438,74.766098
72,77,Laos,LAO,4.88887095475,LA,19.85627,102.495496
73,78,Latvia,LVA,5.6992100475,LV,56.879635,24.603189
74,79,Lebanon,LBN,4.947121560625,LB,33.854721,35.862285
75,80,Lesotho,LSO,3.705095370333333,LS,-29.609988,28.233608
76,81,Liberia,LBR,4.0514152050000005,LR,6.428055,-9.429499
77,82,Libya,LBY,5.545739015,LY,26.3351,17.228331
78,83,Lithuania,LTU,5.964412272125,LT,55.169438,23.881275
79,84,Luxembourg,LUX,7.04537165175,LU,49.815273,6.129583
80,85,Madagascar,MDG,3.84821727875,MG,-18.766947,46.869107
81,86,Malawi,MWI,3.85527318725,MW,-13.254308,34.301525
82,87,Malaysia,MYS,5.7893830138333335,MY,4.210484,101.975766
83,88,Maldives,MDV,5.197574615,MV,3.202778,73.22068
84,89,Mali,MLI,4.338463306375,ML,17.570692,-3.996166
85,90,Malta,MLT,6.53968816975,MT,35.937496,14.375416
86,91,Mauritania,MRT,4.361779034125,MR,21.00789,-10.940835
87,92,Mauritius,MUS,5.910961341799999,MU,-20.348404,57.552152
88,93,Mexico,MEX,6.736855745375,MX,23.634501,-102.552784
89,94,Moldova,MDA,5.759418129875,MD,47.411631,28.369885
90,95,Mongolia,MNG,5.128001451499999,MN,46.862496,103.846656
91,96,Montenegro,MNE,5.331973433625,ME,42.708678,19.37439
92,97,Morocco,MAR,5.132472515142857,MA,31.791702,-7.09262
93,98,Mozambique,MOZ,4.603869319,MZ,-18.665695,35.529562
94,100,Namibia,NAM,4.57129907625,,-22.95764,18.49041
95,101,Nepal,NPL,4.852539539625,NP,28.394857,84.124008
96,102,Netherlands,NLD,7.42638748875,NL,52.132633,5.291266
97,103,New Zealand,NZL,7.297765791375,NZ,-40.900557,174.885971
98,104,Nicaragua,NIC,5.980031788125,NI,12.865416,-85.207229
99,105,Niger,NER,4.298085779,NE,17.607789,8.081666
100,106,Nigeria,NGA,5.056277275142857,NG,9.081999,8.675277
101,109,Norway,NOR,7.541094235,NO,60.472024,8.468946
102,110,Pakistan,PAK,5.22776883825,PK,30.375321,69.345116
103,112,Panama,PAN,6.501965463125,PA,8.537981,-80.782127
104,113,Paraguay,PRY,5.657423768714286,PY,-23.442503,-58.443832
105,114,Peru,PER,5.767600238,PE,-9.189967,-75.015152
106,115,Philippines,PHL,5.500118792,PH,12.879721,121.774017
107,116,Poland,POL,6.01203644275,PL,51.919438,19.145136
108,117,Portugal,PRT,5.4416075945,PT,39.399872,-8.224454
109,118,Qatar,QAT,6.492913961499999,QA,25.354826,51.183884
110,119,Romania,ROU,5.76155507575,RO,45.943161,24.96676
111,120,Russia,RUS,5.697267651625,RU,61.52401,105.318756
112,121,Rwanda,RWA,3.39359819875,RW,-1.940278,29.873888
113,122,Saudi Arabia,SAU,6.4001508355,SA,23.885942,45.079162
114,123,Senegal,SEN,4.48294430975,SN,14.497401,-14.452362
115,124,Serbia,SRB,5.4674328565,RS,44.016521,21.005859
116,125,Sierra Leone,SLE,4.356922830714286,SL,8.460555,-11.779889
117,126,Singapore,SGP,6.48284844,SG,1.352083,103.819836
118,127,Slovakia,SVK,6.1232094765000005,SK,48.669026,19.699024
119,128,Slovenia,SVN,6.059396147625,SI,46.151241,14.995463
120,129,Somalia,SOM,5.18328619,SO,5.152149,46.199616
121,130,South Africa,ZAF,4.71407219775,ZA,-30.559482,22.937506
122,131,South Korea,KOR,5.891391635,KR,35.907757,127.766922
123,133,Spain,ESP,6.3496830463750005,ES,40.463667,-3.74922
124,134,Sri Lanka,LKA,4.349727903142857,LK,7.873054,80.771797
125,135,Sudan,SDN,4.344586134,SD,12.862807,30.217636
126,136,Suriname,SUR,6.269286633,SR,3.919305,-56.027783
127,137,Sweden,SWE,7.368832767,SE,60.128161,18.643501
128,138,Switzerland,CHE,7.568010058,CH,46.818188,8.227512
129,139,Syria,SYR,3.1046523253333334,SY,34.802075,38.996815
130,140,Taiwan,TWN,6.39453029625,TW,23.69781,120.960515
131,141,Tajikistan,TJK,5.17223763475,TJ,38.861034,71.276093
132,142,Tanzania,TZA,3.542275220125,TZ,-6.369028,34.888822
133,143,Thailand,THA,6.220591843125,TH,15.870032,100.992541
134,144,Togo,TGO,3.841505487666667,TG,8.619543,0.824782
135,145,Trinidad and Tobago,TTO,6.1797833440000005,TT,10.691803,-61.222503
136,146,Tunisia,TUN,4.663343846625,TN,33.886917,9.537499
137,147,Turkey,TUR,5.2853450775,TR,38.963745,35.243322
138,148,Turkmenistan,TKM,5.455691397125,TM,38.969719,59.556278
139,149,Uganda,UGA,4.191245853875,UG,1.373333,32.290275
140,150,Ukraine,UKR,4.46330577125,UA,48.379433,31.16558
141,151,United Arab Emirates,ARE,6.766483247375,AE,23.424076,53.847818
142,152,United Kingdom,GBR,6.923823178,GB,55.378051,-3.435973
143,153,United States,USA,6.98903983825,US,37.09024,-95.712891
144,154,Uruguay,URY,6.445408046375,UY,-32.522779,-55.765835
145,155,Uzbekistan,UZB,6.08179891125,UZ,41.377491,64.585262
146,156,Venezuela,VEN,5.565325379375,VE,6.42375,-66.58973
147,157,Vietnam,VNM,5.214881420125,VN,14.058324,108.277199
148,158,Yemen,YEM,3.695316106,YE,15.552727,48.516388
149,159,Zambia,ZMB,4.384372234375,ZM,-13.133897,27.849332
150,160,Zimbabwe,ZWE,3.9020792245,ZW,-19.015438,29.154857
